{"cameraMode":{"drawMode":0,"name":"Shaded","section":"Shading Mode"},"sceneLighting":false,"audioPlay":false,"sceneViewState":{"showFog":true,"showMaterialUpdate":false,"showSkybox":false,"showFlares":true,"showImageEffects":true,"showParticleSystems":true},"in2DMode":false,"pivot":{"x":-0.7559999823570252,"y":0.13199999928474427,"z":-0.15800000727176667},"rotation":{"x":0.00031756723183207214,"y":0.6362469792366028,"z":-0.0015184871153905988,"w":0.7717708945274353},"size":10.0,"orthographic":false}