{"cameraMode":{"drawMode":0,"name":"Shaded","section":"Shading Mode"},"sceneLighting":false,"audioPlay":false,"sceneViewState":{"showFog":true,"showMaterialUpdate":false,"showSkybox":true,"showFlares":true,"showImageEffects":true,"showParticleSystems":true},"in2DMode":false,"pivot":{"x":-562.8160400390625,"y":20.781835556030275,"z":86.60711669921875},"rotation":{"x":-0.027910221368074418,"y":0.03810473904013634,"z":-0.0005738402251154184,"w":-0.99900883436203},"size":9.800558090209961,"orthographic":false}